message,severity,attributes,tags,timestamp
Starting Container,info,"{""level"":""info""}","{""project"":""ce3616d9-58ad-4ec7-a294-1821e1564434"",""environment"":""fb6513d0-42a4-4660-82b5-509c54b15f2a"",""service"":""4978aa94-666c-47c7-8024-3ada55195a51"",""deployment"":""9ec08746-e9a3-4ef1-bc22-211a1cd8bbcd"",""replica"":""5e22bc16-80fb-45ce-84f8-7b0879235dd9""}",2026-03-29T02:19:44.473446238Z
Prisma schema loaded from prisma/schema.prisma,info,"{""level"":""info""}","{""project"":""ce3616d9-58ad-4ec7-a294-1821e1564434"",""environment"":""fb6513d0-42a4-4660-82b5-509c54b15f2a"",""service"":""4978aa94-666c-47c7-8024-3ada55195a51"",""deployment"":""9ec08746-e9a3-4ef1-bc22-211a1cd8bbcd"",""replica"":""5e22bc16-80fb-45ce-84f8-7b0879235dd9""}",2026-03-29T02:19:45.089289247Z
"Datasource ""db"": SQLite database ""whatsapp.db"" at ""file:/app/data/whatsapp.db""",info,"{""level"":""info""}","{""project"":""ce3616d9-58ad-4ec7-a294-1821e1564434"",""environment"":""fb6513d0-42a4-4660-82b5-509c54b15f2a"",""service"":""4978aa94-666c-47c7-8024-3ada55195a51"",""deployment"":""9ec08746-e9a3-4ef1-bc22-211a1cd8bbcd"",""replica"":""5e22bc16-80fb-45ce-84f8-7b0879235dd9""}",2026-03-29T02:19:45.089296297Z
,info,"{""level"":""info""}","{""project"":""ce3616d9-58ad-4ec7-a294-1821e1564434"",""environment"":""fb6513d0-42a4-4660-82b5-509c54b15f2a"",""service"":""4978aa94-666c-47c7-8024-3ada55195a51"",""deployment"":""9ec08746-e9a3-4ef1-bc22-211a1cd8bbcd"",""replica"":""5e22bc16-80fb-45ce-84f8-7b0879235dd9""}",2026-03-29T02:19:45.108764544Z
SQLite database whatsapp.db created at file:/app/data/whatsapp.db,info,"{""level"":""info""}","{""project"":""ce3616d9-58ad-4ec7-a294-1821e1564434"",""environment"":""fb6513d0-42a4-4660-82b5-509c54b15f2a"",""service"":""4978aa94-666c-47c7-8024-3ada55195a51"",""deployment"":""9ec08746-e9a3-4ef1-bc22-211a1cd8bbcd"",""replica"":""5e22bc16-80fb-45ce-84f8-7b0879235dd9""}",2026-03-29T02:19:45.108773060Z
│    npm i @prisma/client@latest                          │,error,"{""level"":""error""}","{""project"":""ce3616d9-58ad-4ec7-a294-1821e1564434"",""environment"":""fb6513d0-42a4-4660-82b5-509c54b15f2a"",""service"":""4978aa94-666c-47c7-8024-3ada55195a51"",""deployment"":""9ec08746-e9a3-4ef1-bc22-211a1cd8bbcd"",""replica"":""5e22bc16-80fb-45ce-84f8-7b0879235dd9""}",2026-03-29T02:19:45.199705086Z
└─────────────────────────────────────────────────────────┘,error,"{""level"":""error""}","{""project"":""ce3616d9-58ad-4ec7-a294-1821e1564434"",""environment"":""fb6513d0-42a4-4660-82b5-509c54b15f2a"",""service"":""4978aa94-666c-47c7-8024-3ada55195a51"",""deployment"":""9ec08746-e9a3-4ef1-bc22-211a1cd8bbcd"",""replica"":""5e22bc16-80fb-45ce-84f8-7b0879235dd9""}",2026-03-29T02:19:45.199715461Z
,info,"{""level"":""info""}","{""project"":""ce3616d9-58ad-4ec7-a294-1821e1564434"",""environment"":""fb6513d0-42a4-4660-82b5-509c54b15f2a"",""service"":""4978aa94-666c-47c7-8024-3ada55195a51"",""deployment"":""9ec08746-e9a3-4ef1-bc22-211a1cd8bbcd"",""replica"":""5e22bc16-80fb-45ce-84f8-7b0879235dd9""}",2026-03-29T02:19:45.199723129Z
,info,"{""level"":""info""}","{""project"":""ce3616d9-58ad-4ec7-a294-1821e1564434"",""environment"":""fb6513d0-42a4-4660-82b5-509c54b15f2a"",""service"":""4978aa94-666c-47c7-8024-3ada55195a51"",""deployment"":""9ec08746-e9a3-4ef1-bc22-211a1cd8bbcd"",""replica"":""5e22bc16-80fb-45ce-84f8-7b0879235dd9""}",2026-03-29T02:19:45.199736557Z
🚀  Your database is now in sync with your Prisma schema. Done in 96ms,info,"{""level"":""info""}","{""project"":""ce3616d9-58ad-4ec7-a294-1821e1564434"",""environment"":""fb6513d0-42a4-4660-82b5-509c54b15f2a"",""service"":""4978aa94-666c-47c7-8024-3ada55195a51"",""deployment"":""9ec08746-e9a3-4ef1-bc22-211a1cd8bbcd"",""replica"":""5e22bc16-80fb-45ce-84f8-7b0879235dd9""}",2026-03-29T02:19:45.199744409Z
┌─────────────────────────────────────────────────────────┐,error,"{""level"":""error""}","{""project"":""ce3616d9-58ad-4ec7-a294-1821e1564434"",""environment"":""fb6513d0-42a4-4660-82b5-509c54b15f2a"",""service"":""4978aa94-666c-47c7-8024-3ada55195a51"",""deployment"":""9ec08746-e9a3-4ef1-bc22-211a1cd8bbcd"",""replica"":""5e22bc16-80fb-45ce-84f8-7b0879235dd9""}",2026-03-29T02:19:45.199752354Z
│  Update available 6.19.2 -> 7.6.0                       │,error,"{""level"":""error""}","{""project"":""ce3616d9-58ad-4ec7-a294-1821e1564434"",""environment"":""fb6513d0-42a4-4660-82b5-509c54b15f2a"",""service"":""4978aa94-666c-47c7-8024-3ada55195a51"",""deployment"":""9ec08746-e9a3-4ef1-bc22-211a1cd8bbcd"",""replica"":""5e22bc16-80fb-45ce-84f8-7b0879235dd9""}",2026-03-29T02:19:45.199758738Z
│                                                         │,error,"{""level"":""error""}","{""project"":""ce3616d9-58ad-4ec7-a294-1821e1564434"",""environment"":""fb6513d0-42a4-4660-82b5-509c54b15f2a"",""service"":""4978aa94-666c-47c7-8024-3ada55195a51"",""deployment"":""9ec08746-e9a3-4ef1-bc22-211a1cd8bbcd"",""replica"":""5e22bc16-80fb-45ce-84f8-7b0879235dd9""}",2026-03-29T02:19:45.199766226Z
│  This is a major update - please follow the guide at    │,error,"{""level"":""error""}","{""project"":""ce3616d9-58ad-4ec7-a294-1821e1564434"",""environment"":""fb6513d0-42a4-4660-82b5-509c54b15f2a"",""service"":""4978aa94-666c-47c7-8024-3ada55195a51"",""deployment"":""9ec08746-e9a3-4ef1-bc22-211a1cd8bbcd"",""replica"":""5e22bc16-80fb-45ce-84f8-7b0879235dd9""}",2026-03-29T02:19:45.199771498Z
│  https://pris.ly/d/major-version-upgrade                │,error,"{""level"":""error""}","{""project"":""ce3616d9-58ad-4ec7-a294-1821e1564434"",""environment"":""fb6513d0-42a4-4660-82b5-509c54b15f2a"",""service"":""4978aa94-666c-47c7-8024-3ada55195a51"",""deployment"":""9ec08746-e9a3-4ef1-bc22-211a1cd8bbcd"",""replica"":""5e22bc16-80fb-45ce-84f8-7b0879235dd9""}",2026-03-29T02:19:45.199777189Z
│                                                         │,error,"{""level"":""error""}","{""project"":""ce3616d9-58ad-4ec7-a294-1821e1564434"",""environment"":""fb6513d0-42a4-4660-82b5-509c54b15f2a"",""service"":""4978aa94-666c-47c7-8024-3ada55195a51"",""deployment"":""9ec08746-e9a3-4ef1-bc22-211a1cd8bbcd"",""replica"":""5e22bc16-80fb-45ce-84f8-7b0879235dd9""}",2026-03-29T02:19:45.199781862Z
│  Run the following to update                            │,error,"{""level"":""error""}","{""project"":""ce3616d9-58ad-4ec7-a294-1821e1564434"",""environment"":""fb6513d0-42a4-4660-82b5-509c54b15f2a"",""service"":""4978aa94-666c-47c7-8024-3ada55195a51"",""deployment"":""9ec08746-e9a3-4ef1-bc22-211a1cd8bbcd"",""replica"":""5e22bc16-80fb-45ce-84f8-7b0879235dd9""}",2026-03-29T02:19:45.199787013Z
│    npm i --save-dev prisma@latest                       │,error,"{""level"":""error""}","{""project"":""ce3616d9-58ad-4ec7-a294-1821e1564434"",""environment"":""fb6513d0-42a4-4660-82b5-509c54b15f2a"",""service"":""4978aa94-666c-47c7-8024-3ada55195a51"",""deployment"":""9ec08746-e9a3-4ef1-bc22-211a1cd8bbcd"",""replica"":""5e22bc16-80fb-45ce-84f8-7b0879235dd9""}",2026-03-29T02:19:45.199792326Z
Setting up Prisma symlinks...,info,"{""level"":""info""}","{""project"":""ce3616d9-58ad-4ec7-a294-1821e1564434"",""environment"":""fb6513d0-42a4-4660-82b5-509c54b15f2a"",""service"":""4978aa94-666c-47c7-8024-3ada55195a51"",""deployment"":""9ec08746-e9a3-4ef1-bc22-211a1cd8bbcd"",""replica"":""5e22bc16-80fb-45ce-84f8-7b0879235dd9""}",2026-03-29T02:19:45.218165107Z
Starting Next.js server...,info,"{""level"":""info""}","{""project"":""ce3616d9-58ad-4ec7-a294-1821e1564434"",""environment"":""fb6513d0-42a4-4660-82b5-509c54b15f2a"",""service"":""4978aa94-666c-47c7-8024-3ada55195a51"",""deployment"":""9ec08746-e9a3-4ef1-bc22-211a1cd8bbcd"",""replica"":""5e22bc16-80fb-45ce-84f8-7b0879235dd9""}",2026-03-29T02:19:45.222361699Z
Next.js PID: 52,info,"{""level"":""info""}","{""project"":""ce3616d9-58ad-4ec7-a294-1821e1564434"",""environment"":""fb6513d0-42a4-4660-82b5-509c54b15f2a"",""service"":""4978aa94-666c-47c7-8024-3ada55195a51"",""deployment"":""9ec08746-e9a3-4ef1-bc22-211a1cd8bbcd"",""replica"":""5e22bc16-80fb-45ce-84f8-7b0879235dd9""}",2026-03-29T02:19:45.222370401Z
Waiting for localhost:3000 to be accessible...,info,"{""level"":""info""}","{""project"":""ce3616d9-58ad-4ec7-a294-1821e1564434"",""environment"":""fb6513d0-42a4-4660-82b5-509c54b15f2a"",""service"":""4978aa94-666c-47c7-8024-3ada55195a51"",""deployment"":""9ec08746-e9a3-4ef1-bc22-211a1cd8bbcd"",""replica"":""5e22bc16-80fb-45ce-84f8-7b0879235dd9""}",2026-03-29T02:19:45.222376746Z
"  ⏳ Attempt 1/30: Port 3000 not ready, waiting 1s...",info,"{""level"":""info""}","{""project"":""ce3616d9-58ad-4ec7-a294-1821e1564434"",""environment"":""fb6513d0-42a4-4660-82b5-509c54b15f2a"",""service"":""4978aa94-666c-47c7-8024-3ada55195a51"",""deployment"":""9ec08746-e9a3-4ef1-bc22-211a1cd8bbcd"",""replica"":""5e22bc16-80fb-45ce-84f8-7b0879235dd9""}",2026-03-29T02:19:45.222388339Z
▲ Next.js 16.1.6,info,"{""level"":""info""}","{""project"":""ce3616d9-58ad-4ec7-a294-1821e1564434"",""environment"":""fb6513d0-42a4-4660-82b5-509c54b15f2a"",""service"":""4978aa94-666c-47c7-8024-3ada55195a51"",""deployment"":""9ec08746-e9a3-4ef1-bc22-211a1cd8bbcd"",""replica"":""5e22bc16-80fb-45ce-84f8-7b0879235dd9""}",2026-03-29T02:19:45.645801715Z
- Local:         http://localhost:3000,info,"{""level"":""info""}","{""project"":""ce3616d9-58ad-4ec7-a294-1821e1564434"",""environment"":""fb6513d0-42a4-4660-82b5-509c54b15f2a"",""service"":""4978aa94-666c-47c7-8024-3ada55195a51"",""deployment"":""9ec08746-e9a3-4ef1-bc22-211a1cd8bbcd"",""replica"":""5e22bc16-80fb-45ce-84f8-7b0879235dd9""}",2026-03-29T02:19:45.645809181Z
- Network:       http://0.0.0.0:3000,info,"{""level"":""info""}","{""project"":""ce3616d9-58ad-4ec7-a294-1821e1564434"",""environment"":""fb6513d0-42a4-4660-82b5-509c54b15f2a"",""service"":""4978aa94-666c-47c7-8024-3ada55195a51"",""deployment"":""9ec08746-e9a3-4ef1-bc22-211a1cd8bbcd"",""replica"":""5e22bc16-80fb-45ce-84f8-7b0879235dd9""}",2026-03-29T02:19:45.645815894Z
✓ Starting...,info,"{""level"":""info""}","{""project"":""ce3616d9-58ad-4ec7-a294-1821e1564434"",""environment"":""fb6513d0-42a4-4660-82b5-509c54b15f2a"",""service"":""4978aa94-666c-47c7-8024-3ada55195a51"",""deployment"":""9ec08746-e9a3-4ef1-bc22-211a1cd8bbcd"",""replica"":""5e22bc16-80fb-45ce-84f8-7b0879235dd9""}",2026-03-29T02:19:45.645820681Z
,info,"{""level"":""info""}","{""project"":""ce3616d9-58ad-4ec7-a294-1821e1564434"",""environment"":""fb6513d0-42a4-4660-82b5-509c54b15f2a"",""service"":""4978aa94-666c-47c7-8024-3ada55195a51"",""deployment"":""9ec08746-e9a3-4ef1-bc22-211a1cd8bbcd"",""replica"":""5e22bc16-80fb-45ce-84f8-7b0879235dd9""}",2026-03-29T02:19:45.645822329Z
✓ Ready in 102ms,info,"{""level"":""info""}","{""project"":""ce3616d9-58ad-4ec7-a294-1821e1564434"",""environment"":""fb6513d0-42a4-4660-82b5-509c54b15f2a"",""service"":""4978aa94-666c-47c7-8024-3ada55195a51"",""deployment"":""9ec08746-e9a3-4ef1-bc22-211a1cd8bbcd"",""replica"":""5e22bc16-80fb-45ce-84f8-7b0879235dd9""}",2026-03-29T02:19:45.645830649Z
  ✅ Port 3000 is open!,info,"{""level"":""info""}","{""project"":""ce3616d9-58ad-4ec7-a294-1821e1564434"",""environment"":""fb6513d0-42a4-4660-82b5-509c54b15f2a"",""service"":""4978aa94-666c-47c7-8024-3ada55195a51"",""deployment"":""9ec08746-e9a3-4ef1-bc22-211a1cd8bbcd"",""replica"":""5e22bc16-80fb-45ce-84f8-7b0879235dd9""}",2026-03-29T02:19:46.223244763Z
Waiting for Next.js routes to warm up...,info,"{""level"":""info""}","{""project"":""ce3616d9-58ad-4ec7-a294-1821e1564434"",""environment"":""fb6513d0-42a4-4660-82b5-509c54b15f2a"",""service"":""4978aa94-666c-47c7-8024-3ada55195a51"",""deployment"":""9ec08746-e9a3-4ef1-bc22-211a1cd8bbcd"",""replica"":""5e22bc16-80fb-45ce-84f8-7b0879235dd9""}",2026-03-29T02:19:46.223254014Z
[Socket.io Proxy] GET error: Unable to connect. Is the computer able to access the url?,error,"{""level"":""error""}","{""project"":""ce3616d9-58ad-4ec7-a294-1821e1564434"",""environment"":""fb6513d0-42a4-4660-82b5-509c54b15f2a"",""service"":""4978aa94-666c-47c7-8024-3ada55195a51"",""deployment"":""9ec08746-e9a3-4ef1-bc22-211a1cd8bbcd"",""replica"":""5e22bc16-80fb-45ce-84f8-7b0879235dd9""}",2026-03-29T02:19:50.920152530Z
Waiting for Next.js to be ready...,info,"{""level"":""info""}","{""project"":""ce3616d9-58ad-4ec7-a294-1821e1564434"",""environment"":""fb6513d0-42a4-4660-82b5-509c54b15f2a"",""service"":""4978aa94-666c-47c7-8024-3ada55195a51"",""deployment"":""9ec08746-e9a3-4ef1-bc22-211a1cd8bbcd"",""replica"":""5e22bc16-80fb-45ce-84f8-7b0879235dd9""}",2026-03-29T02:19:51.362196504Z
  Attempt 1/15: Checking http://localhost:3000/api/wa/health...,info,"{""level"":""info""}","{""project"":""ce3616d9-58ad-4ec7-a294-1821e1564434"",""environment"":""fb6513d0-42a4-4660-82b5-509c54b15f2a"",""service"":""4978aa94-666c-47c7-8024-3ada55195a51"",""deployment"":""9ec08746-e9a3-4ef1-bc22-211a1cd8bbcd"",""replica"":""5e22bc16-80fb-45ce-84f8-7b0879235dd9""}",2026-03-29T02:19:51.362201924Z
"  ⏳ Next.js not ready yet, waiting 2s...",info,"{""level"":""info""}","{""project"":""ce3616d9-58ad-4ec7-a294-1821e1564434"",""environment"":""fb6513d0-42a4-4660-82b5-509c54b15f2a"",""service"":""4978aa94-666c-47c7-8024-3ada55195a51"",""deployment"":""9ec08746-e9a3-4ef1-bc22-211a1cd8bbcd"",""replica"":""5e22bc16-80fb-45ce-84f8-7b0879235dd9""}",2026-03-29T02:19:51.362209440Z
  Attempt 2/15: Checking http://localhost:3000/api/wa/health...,info,"{""level"":""info""}","{""project"":""ce3616d9-58ad-4ec7-a294-1821e1564434"",""environment"":""fb6513d0-42a4-4660-82b5-509c54b15f2a"",""service"":""4978aa94-666c-47c7-8024-3ada55195a51"",""deployment"":""9ec08746-e9a3-4ef1-bc22-211a1cd8bbcd"",""replica"":""5e22bc16-80fb-45ce-84f8-7b0879235dd9""}",2026-03-29T02:19:53.227197713Z
"  ⏳ Next.js not ready yet, waiting 2s...",info,"{""level"":""info""}","{""project"":""ce3616d9-58ad-4ec7-a294-1821e1564434"",""environment"":""fb6513d0-42a4-4660-82b5-509c54b15f2a"",""service"":""4978aa94-666c-47c7-8024-3ada55195a51"",""deployment"":""9ec08746-e9a3-4ef1-bc22-211a1cd8bbcd"",""replica"":""5e22bc16-80fb-45ce-84f8-7b0879235dd9""}",2026-03-29T02:19:53.227207436Z
  Attempt 3/15: Checking http://localhost:3000/api/wa/health...,info,"{""level"":""info""}","{""project"":""ce3616d9-58ad-4ec7-a294-1821e1564434"",""environment"":""fb6513d0-42a4-4660-82b5-509c54b15f2a"",""service"":""4978aa94-666c-47c7-8024-3ada55195a51"",""deployment"":""9ec08746-e9a3-4ef1-bc22-211a1cd8bbcd"",""replica"":""5e22bc16-80fb-45ce-84f8-7b0879235dd9""}",2026-03-29T02:19:55.235834573Z
"  ⏳ Next.js not ready yet, waiting 2s...",info,"{""level"":""info""}","{""project"":""ce3616d9-58ad-4ec7-a294-1821e1564434"",""environment"":""fb6513d0-42a4-4660-82b5-509c54b15f2a"",""service"":""4978aa94-666c-47c7-8024-3ada55195a51"",""deployment"":""9ec08746-e9a3-4ef1-bc22-211a1cd8bbcd"",""replica"":""5e22bc16-80fb-45ce-84f8-7b0879235dd9""}",2026-03-29T02:19:55.235844330Z
  Attempt 4/15: Checking http://localhost:3000/api/wa/health...,info,"{""level"":""info""}","{""project"":""ce3616d9-58ad-4ec7-a294-1821e1564434"",""environment"":""fb6513d0-42a4-4660-82b5-509c54b15f2a"",""service"":""4978aa94-666c-47c7-8024-3ada55195a51"",""deployment"":""9ec08746-e9a3-4ef1-bc22-211a1cd8bbcd"",""replica"":""5e22bc16-80fb-45ce-84f8-7b0879235dd9""}",2026-03-29T02:19:57.226423083Z
"  ⏳ Next.js not ready yet, waiting 2s...",info,"{""level"":""info""}","{""project"":""ce3616d9-58ad-4ec7-a294-1821e1564434"",""environment"":""fb6513d0-42a4-4660-82b5-509c54b15f2a"",""service"":""4978aa94-666c-47c7-8024-3ada55195a51"",""deployment"":""9ec08746-e9a3-4ef1-bc22-211a1cd8bbcd"",""replica"":""5e22bc16-80fb-45ce-84f8-7b0879235dd9""}",2026-03-29T02:19:57.226430497Z
  Attempt 5/15: Checking http://localhost:3000/api/wa/health...,info,"{""level"":""info""}","{""project"":""ce3616d9-58ad-4ec7-a294-1821e1564434"",""environment"":""fb6513d0-42a4-4660-82b5-509c54b15f2a"",""service"":""4978aa94-666c-47c7-8024-3ada55195a51"",""deployment"":""9ec08746-e9a3-4ef1-bc22-211a1cd8bbcd"",""replica"":""5e22bc16-80fb-45ce-84f8-7b0879235dd9""}",2026-03-29T02:19:59.263458019Z
"  ⏳ Next.js not ready yet, waiting 2s...",info,"{""level"":""info""}","{""project"":""ce3616d9-58ad-4ec7-a294-1821e1564434"",""environment"":""fb6513d0-42a4-4660-82b5-509c54b15f2a"",""service"":""4978aa94-666c-47c7-8024-3ada55195a51"",""deployment"":""9ec08746-e9a3-4ef1-bc22-211a1cd8bbcd"",""replica"":""5e22bc16-80fb-45ce-84f8-7b0879235dd9""}",2026-03-29T02:19:59.263469090Z
  Attempt 6/15: Checking http://localhost:3000/api/wa/health...,info,"{""level"":""info""}","{""project"":""ce3616d9-58ad-4ec7-a294-1821e1564434"",""environment"":""fb6513d0-42a4-4660-82b5-509c54b15f2a"",""service"":""4978aa94-666c-47c7-8024-3ada55195a51"",""deployment"":""9ec08746-e9a3-4ef1-bc22-211a1cd8bbcd"",""replica"":""5e22bc16-80fb-45ce-84f8-7b0879235dd9""}",2026-03-29T02:20:01.259664016Z
"  ⏳ Next.js not ready yet, waiting 2s...",info,"{""level"":""info""}","{""project"":""ce3616d9-58ad-4ec7-a294-1821e1564434"",""environment"":""fb6513d0-42a4-4660-82b5-509c54b15f2a"",""service"":""4978aa94-666c-47c7-8024-3ada55195a51"",""deployment"":""9ec08746-e9a3-4ef1-bc22-211a1cd8bbcd"",""replica"":""5e22bc16-80fb-45ce-84f8-7b0879235dd9""}",2026-03-29T02:20:01.259670727Z
  Attempt 7/15: Checking http://localhost:3000/api/wa/health...,info,"{""level"":""info""}","{""project"":""ce3616d9-58ad-4ec7-a294-1821e1564434"",""environment"":""fb6513d0-42a4-4660-82b5-509c54b15f2a"",""service"":""4978aa94-666c-47c7-8024-3ada55195a51"",""deployment"":""9ec08746-e9a3-4ef1-bc22-211a1cd8bbcd"",""replica"":""5e22bc16-80fb-45ce-84f8-7b0879235dd9""}",2026-03-29T02:20:03.275353399Z
"  ⏳ Next.js not ready yet, waiting 2s...",info,"{""level"":""info""}","{""project"":""ce3616d9-58ad-4ec7-a294-1821e1564434"",""environment"":""fb6513d0-42a4-4660-82b5-509c54b15f2a"",""service"":""4978aa94-666c-47c7-8024-3ada55195a51"",""deployment"":""9ec08746-e9a3-4ef1-bc22-211a1cd8bbcd"",""replica"":""5e22bc16-80fb-45ce-84f8-7b0879235dd9""}",2026-03-29T02:20:03.275362904Z
[Socket.io Proxy] GET error: Unable to connect. Is the computer able to access the url?,error,"{""level"":""error""}","{""project"":""ce3616d9-58ad-4ec7-a294-1821e1564434"",""environment"":""fb6513d0-42a4-4660-82b5-509c54b15f2a"",""service"":""4978aa94-666c-47c7-8024-3ada55195a51"",""deployment"":""9ec08746-e9a3-4ef1-bc22-211a1cd8bbcd"",""replica"":""5e22bc16-80fb-45ce-84f8-7b0879235dd9""}",2026-03-29T02:20:04.907330689Z
  Attempt 8/15: Checking http://localhost:3000/api/wa/health...,info,"{""level"":""info""}","{""project"":""ce3616d9-58ad-4ec7-a294-1821e1564434"",""environment"":""fb6513d0-42a4-4660-82b5-509c54b15f2a"",""service"":""4978aa94-666c-47c7-8024-3ada55195a51"",""deployment"":""9ec08746-e9a3-4ef1-bc22-211a1cd8bbcd"",""replica"":""5e22bc16-80fb-45ce-84f8-7b0879235dd9""}",2026-03-29T02:20:05.251607711Z
"  ⏳ Next.js not ready yet, waiting 2s...",info,"{""level"":""info""}","{""project"":""ce3616d9-58ad-4ec7-a294-1821e1564434"",""environment"":""fb6513d0-42a4-4660-82b5-509c54b15f2a"",""service"":""4978aa94-666c-47c7-8024-3ada55195a51"",""deployment"":""9ec08746-e9a3-4ef1-bc22-211a1cd8bbcd"",""replica"":""5e22bc16-80fb-45ce-84f8-7b0879235dd9""}",2026-03-29T02:20:05.251612860Z
  Attempt 9/15: Checking http://localhost:3000/api/wa/health...,info,"{""level"":""info""}","{""project"":""ce3616d9-58ad-4ec7-a294-1821e1564434"",""environment"":""fb6513d0-42a4-4660-82b5-509c54b15f2a"",""service"":""4978aa94-666c-47c7-8024-3ada55195a51"",""deployment"":""9ec08746-e9a3-4ef1-bc22-211a1cd8bbcd"",""replica"":""5e22bc16-80fb-45ce-84f8-7b0879235dd9""}",2026-03-29T02:20:07.240360250Z
"  ⏳ Next.js not ready yet, waiting 2s...",info,"{""level"":""info""}","{""project"":""ce3616d9-58ad-4ec7-a294-1821e1564434"",""environment"":""fb6513d0-42a4-4660-82b5-509c54b15f2a"",""service"":""4978aa94-666c-47c7-8024-3ada55195a51"",""deployment"":""9ec08746-e9a3-4ef1-bc22-211a1cd8bbcd"",""replica"":""5e22bc16-80fb-45ce-84f8-7b0879235dd9""}",2026-03-29T02:20:07.240373469Z
  Attempt 10/15: Checking http://localhost:3000/api/wa/health...,info,"{""level"":""info""}","{""project"":""ce3616d9-58ad-4ec7-a294-1821e1564434"",""environment"":""fb6513d0-42a4-4660-82b5-509c54b15f2a"",""service"":""4978aa94-666c-47c7-8024-3ada55195a51"",""deployment"":""9ec08746-e9a3-4ef1-bc22-211a1cd8bbcd"",""replica"":""5e22bc16-80fb-45ce-84f8-7b0879235dd9""}",2026-03-29T02:20:09.246093871Z
"  ⏳ Next.js not ready yet, waiting 2s...",info,"{""level"":""info""}","{""project"":""ce3616d9-58ad-4ec7-a294-1821e1564434"",""environment"":""fb6513d0-42a4-4660-82b5-509c54b15f2a"",""service"":""4978aa94-666c-47c7-8024-3ada55195a51"",""deployment"":""9ec08746-e9a3-4ef1-bc22-211a1cd8bbcd"",""replica"":""5e22bc16-80fb-45ce-84f8-7b0879235dd9""}",2026-03-29T02:20:09.246107698Z
  Attempt 11/15: Checking http://localhost:3000/api/wa/health...,info,"{""level"":""info""}","{""project"":""ce3616d9-58ad-4ec7-a294-1821e1564434"",""environment"":""fb6513d0-42a4-4660-82b5-509c54b15f2a"",""service"":""4978aa94-666c-47c7-8024-3ada55195a51"",""deployment"":""9ec08746-e9a3-4ef1-bc22-211a1cd8bbcd"",""replica"":""5e22bc16-80fb-45ce-84f8-7b0879235dd9""}",2026-03-29T02:20:11.260995639Z
"  ⏳ Next.js not ready yet, waiting 2s...",info,"{""level"":""info""}","{""project"":""ce3616d9-58ad-4ec7-a294-1821e1564434"",""environment"":""fb6513d0-42a4-4660-82b5-509c54b15f2a"",""service"":""4978aa94-666c-47c7-8024-3ada55195a51"",""deployment"":""9ec08746-e9a3-4ef1-bc22-211a1cd8bbcd"",""replica"":""5e22bc16-80fb-45ce-84f8-7b0879235dd9""}",2026-03-29T02:20:11.261000410Z
  Attempt 12/15: Checking http://localhost:3000/api/wa/health...,info,"{""level"":""info""}","{""project"":""ce3616d9-58ad-4ec7-a294-1821e1564434"",""environment"":""fb6513d0-42a4-4660-82b5-509c54b15f2a"",""service"":""4978aa94-666c-47c7-8024-3ada55195a51"",""deployment"":""9ec08746-e9a3-4ef1-bc22-211a1cd8bbcd"",""replica"":""5e22bc16-80fb-45ce-84f8-7b0879235dd9""}",2026-03-29T02:20:13.235349791Z
"  ⏳ Next.js not ready yet, waiting 2s...",info,"{""level"":""info""}","{""project"":""ce3616d9-58ad-4ec7-a294-1821e1564434"",""environment"":""fb6513d0-42a4-4660-82b5-509c54b15f2a"",""service"":""4978aa94-666c-47c7-8024-3ada55195a51"",""deployment"":""9ec08746-e9a3-4ef1-bc22-211a1cd8bbcd"",""replica"":""5e22bc16-80fb-45ce-84f8-7b0879235dd9""}",2026-03-29T02:20:13.235356842Z
  Attempt 13/15: Checking http://localhost:3000/api/wa/health...,info,"{""level"":""info""}","{""project"":""ce3616d9-58ad-4ec7-a294-1821e1564434"",""environment"":""fb6513d0-42a4-4660-82b5-509c54b15f2a"",""service"":""4978aa94-666c-47c7-8024-3ada55195a51"",""deployment"":""9ec08746-e9a3-4ef1-bc22-211a1cd8bbcd"",""replica"":""5e22bc16-80fb-45ce-84f8-7b0879235dd9""}",2026-03-29T02:20:15.348003918Z
"  ⏳ Next.js not ready yet, waiting 2s...",info,"{""level"":""info""}","{""project"":""ce3616d9-58ad-4ec7-a294-1821e1564434"",""environment"":""fb6513d0-42a4-4660-82b5-509c54b15f2a"",""service"":""4978aa94-666c-47c7-8024-3ada55195a51"",""deployment"":""9ec08746-e9a3-4ef1-bc22-211a1cd8bbcd"",""replica"":""5e22bc16-80fb-45ce-84f8-7b0879235dd9""}",2026-03-29T02:20:15.348010525Z
  Attempt 14/15: Checking http://localhost:3000/api/wa/health...,info,"{""level"":""info""}","{""project"":""ce3616d9-58ad-4ec7-a294-1821e1564434"",""environment"":""fb6513d0-42a4-4660-82b5-509c54b15f2a"",""service"":""4978aa94-666c-47c7-8024-3ada55195a51"",""deployment"":""9ec08746-e9a3-4ef1-bc22-211a1cd8bbcd"",""replica"":""5e22bc16-80fb-45ce-84f8-7b0879235dd9""}",2026-03-29T02:20:17.361344286Z
"  ⏳ Next.js not ready yet, waiting 2s...",info,"{""level"":""info""}","{""project"":""ce3616d9-58ad-4ec7-a294-1821e1564434"",""environment"":""fb6513d0-42a4-4660-82b5-509c54b15f2a"",""service"":""4978aa94-666c-47c7-8024-3ada55195a51"",""deployment"":""9ec08746-e9a3-4ef1-bc22-211a1cd8bbcd"",""replica"":""5e22bc16-80fb-45ce-84f8-7b0879235dd9""}",2026-03-29T02:20:17.361354438Z
  Attempt 15/15: Checking http://localhost:3000/api/wa/health...,info,"{""level"":""info""}","{""project"":""ce3616d9-58ad-4ec7-a294-1821e1564434"",""environment"":""fb6513d0-42a4-4660-82b5-509c54b15f2a"",""service"":""4978aa94-666c-47c7-8024-3ada55195a51"",""deployment"":""9ec08746-e9a3-4ef1-bc22-211a1cd8bbcd"",""replica"":""5e22bc16-80fb-45ce-84f8-7b0879235dd9""}",2026-03-29T02:20:19.454993291Z
"  ⏳ Next.js not ready yet, waiting 2s...",info,"{""level"":""info""}","{""project"":""ce3616d9-58ad-4ec7-a294-1821e1564434"",""environment"":""fb6513d0-42a4-4660-82b5-509c54b15f2a"",""service"":""4978aa94-666c-47c7-8024-3ada55195a51"",""deployment"":""9ec08746-e9a3-4ef1-bc22-211a1cd8bbcd"",""replica"":""5e22bc16-80fb-45ce-84f8-7b0879235dd9""}",2026-03-29T02:20:19.455001522Z
"  ⚠️ Next.js health check failed after 15 attempts, continuing anyway...",info,"{""level"":""info""}","{""project"":""ce3616d9-58ad-4ec7-a294-1821e1564434"",""environment"":""fb6513d0-42a4-4660-82b5-509c54b15f2a"",""service"":""4978aa94-666c-47c7-8024-3ada55195a51"",""deployment"":""9ec08746-e9a3-4ef1-bc22-211a1cd8bbcd"",""replica"":""5e22bc16-80fb-45ce-84f8-7b0879235dd9""}",2026-03-29T02:20:21.298217446Z
Starting WhatsApp service with Node.js...,info,"{""level"":""info""}","{""project"":""ce3616d9-58ad-4ec7-a294-1821e1564434"",""environment"":""fb6513d0-42a4-4660-82b5-509c54b15f2a"",""service"":""4978aa94-666c-47c7-8024-3ada55195a51"",""deployment"":""9ec08746-e9a3-4ef1-bc22-211a1cd8bbcd"",""replica"":""5e22bc16-80fb-45ce-84f8-7b0879235dd9""}",2026-03-29T02:20:21.298232415Z
Working directory: /app/mini-services/whatsapp-service,info,"{""level"":""info""}","{""project"":""ce3616d9-58ad-4ec7-a294-1821e1564434"",""environment"":""fb6513d0-42a4-4660-82b5-509c54b15f2a"",""service"":""4978aa94-666c-47c7-8024-3ada55195a51"",""deployment"":""9ec08746-e9a3-4ef1-bc22-211a1cd8bbcd"",""replica"":""5e22bc16-80fb-45ce-84f8-7b0879235dd9""}",2026-03-29T02:20:21.298238753Z
"⚠️ tsx not found, installing...",info,"{""level"":""info""}","{""project"":""ce3616d9-58ad-4ec7-a294-1821e1564434"",""environment"":""fb6513d0-42a4-4660-82b5-509c54b15f2a"",""service"":""4978aa94-666c-47c7-8024-3ada55195a51"",""deployment"":""9ec08746-e9a3-4ef1-bc22-211a1cd8bbcd"",""replica"":""5e22bc16-80fb-45ce-84f8-7b0879235dd9""}",2026-03-29T02:20:21.298244550Z
,info,"{""level"":""info""}","{""project"":""ce3616d9-58ad-4ec7-a294-1821e1564434"",""environment"":""fb6513d0-42a4-4660-82b5-509c54b15f2a"",""service"":""4978aa94-666c-47c7-8024-3ada55195a51"",""deployment"":""9ec08746-e9a3-4ef1-bc22-211a1cd8bbcd"",""replica"":""5e22bc16-80fb-45ce-84f8-7b0879235dd9""}",2026-03-29T02:20:23.145788266Z
added 5 packages in 2s,info,"{""level"":""info""}","{""project"":""ce3616d9-58ad-4ec7-a294-1821e1564434"",""environment"":""fb6513d0-42a4-4660-82b5-509c54b15f2a"",""service"":""4978aa94-666c-47c7-8024-3ada55195a51"",""deployment"":""9ec08746-e9a3-4ef1-bc22-211a1cd8bbcd"",""replica"":""5e22bc16-80fb-45ce-84f8-7b0879235dd9""}",2026-03-29T02:20:23.145798292Z
,info,"{""level"":""info""}","{""project"":""ce3616d9-58ad-4ec7-a294-1821e1564434"",""environment"":""fb6513d0-42a4-4660-82b5-509c54b15f2a"",""service"":""4978aa94-666c-47c7-8024-3ada55195a51"",""deployment"":""9ec08746-e9a3-4ef1-bc22-211a1cd8bbcd"",""replica"":""5e22bc16-80fb-45ce-84f8-7b0879235dd9""}",2026-03-29T02:20:23.145805464Z
2 packages are looking for funding,info,"{""level"":""info""}","{""project"":""ce3616d9-58ad-4ec7-a294-1821e1564434"",""environment"":""fb6513d0-42a4-4660-82b5-509c54b15f2a"",""service"":""4978aa94-666c-47c7-8024-3ada55195a51"",""deployment"":""9ec08746-e9a3-4ef1-bc22-211a1cd8bbcd"",""replica"":""5e22bc16-80fb-45ce-84f8-7b0879235dd9""}",2026-03-29T02:20:23.145812012Z
  run `npm fund` for details,info,"{""level"":""info""}","{""project"":""ce3616d9-58ad-4ec7-a294-1821e1564434"",""environment"":""fb6513d0-42a4-4660-82b5-509c54b15f2a"",""service"":""4978aa94-666c-47c7-8024-3ada55195a51"",""deployment"":""9ec08746-e9a3-4ef1-bc22-211a1cd8bbcd"",""replica"":""5e22bc16-80fb-45ce-84f8-7b0879235dd9""}",2026-03-29T02:20:23.145818850Z
Launching tsx index.ts...,info,"{""level"":""info""}","{""project"":""ce3616d9-58ad-4ec7-a294-1821e1564434"",""environment"":""fb6513d0-42a4-4660-82b5-509c54b15f2a"",""service"":""4978aa94-666c-47c7-8024-3ada55195a51"",""deployment"":""9ec08746-e9a3-4ef1-bc22-211a1cd8bbcd"",""replica"":""5e22bc16-80fb-45ce-84f8-7b0879235dd9""}",2026-03-29T02:20:23.149389376Z
WhatsApp Service PID: 117,info,"{""level"":""info""}","{""project"":""ce3616d9-58ad-4ec7-a294-1821e1564434"",""environment"":""fb6513d0-42a4-4660-82b5-509c54b15f2a"",""service"":""4978aa94-666c-47c7-8024-3ada55195a51"",""deployment"":""9ec08746-e9a3-4ef1-bc22-211a1cd8bbcd"",""replica"":""5e22bc16-80fb-45ce-84f8-7b0879235dd9""}",2026-03-29T02:20:23.149400159Z
"WhatsApp service started, waiting for it to be ready...",info,"{""level"":""info""}","{""project"":""ce3616d9-58ad-4ec7-a294-1821e1564434"",""environment"":""fb6513d0-42a4-4660-82b5-509c54b15f2a"",""service"":""4978aa94-666c-47c7-8024-3ada55195a51"",""deployment"":""9ec08746-e9a3-4ef1-bc22-211a1cd8bbcd"",""replica"":""5e22bc16-80fb-45ce-84f8-7b0879235dd9""}",2026-03-29T02:20:25.259610703Z
Waiting for WhatsApp Service to be ready...,info,"{""level"":""info""}","{""project"":""ce3616d9-58ad-4ec7-a294-1821e1564434"",""environment"":""fb6513d0-42a4-4660-82b5-509c54b15f2a"",""service"":""4978aa94-666c-47c7-8024-3ada55195a51"",""deployment"":""9ec08746-e9a3-4ef1-bc22-211a1cd8bbcd"",""replica"":""5e22bc16-80fb-45ce-84f8-7b0879235dd9""}",2026-03-29T02:20:25.259615489Z
  Attempt 1/30: Checking http://localhost:3030/health...,info,"{""level"":""info""}","{""project"":""ce3616d9-58ad-4ec7-a294-1821e1564434"",""environment"":""fb6513d0-42a4-4660-82b5-509c54b15f2a"",""service"":""4978aa94-666c-47c7-8024-3ada55195a51"",""deployment"":""9ec08746-e9a3-4ef1-bc22-211a1cd8bbcd"",""replica"":""5e22bc16-80fb-45ce-84f8-7b0879235dd9""}",2026-03-29T02:20:25.259619702Z
"  ⏳ WhatsApp Service not ready yet, waiting 2s...",info,"{""level"":""info""}","{""project"":""ce3616d9-58ad-4ec7-a294-1821e1564434"",""environment"":""fb6513d0-42a4-4660-82b5-509c54b15f2a"",""service"":""4978aa94-666c-47c7-8024-3ada55195a51"",""deployment"":""9ec08746-e9a3-4ef1-bc22-211a1cd8bbcd"",""replica"":""5e22bc16-80fb-45ce-84f8-7b0879235dd9""}",2026-03-29T02:20:25.259623566Z
  Attempt 2/30: Checking http://localhost:3030/health...,info,"{""level"":""info""}","{""project"":""ce3616d9-58ad-4ec7-a294-1821e1564434"",""environment"":""fb6513d0-42a4-4660-82b5-509c54b15f2a"",""service"":""4978aa94-666c-47c7-8024-3ada55195a51"",""deployment"":""9ec08746-e9a3-4ef1-bc22-211a1cd8bbcd"",""replica"":""5e22bc16-80fb-45ce-84f8-7b0879235dd9""}",2026-03-29T02:20:27.148654411Z
"  ⏳ WhatsApp Service not ready yet, waiting 2s...",info,"{""level"":""info""}","{""project"":""ce3616d9-58ad-4ec7-a294-1821e1564434"",""environment"":""fb6513d0-42a4-4660-82b5-509c54b15f2a"",""service"":""4978aa94-666c-47c7-8024-3ada55195a51"",""deployment"":""9ec08746-e9a3-4ef1-bc22-211a1cd8bbcd"",""replica"":""5e22bc16-80fb-45ce-84f8-7b0879235dd9""}",2026-03-29T02:20:27.148662018Z
  Attempt 3/30: Checking http://localhost:3030/health...,info,"{""level"":""info""}","{""project"":""ce3616d9-58ad-4ec7-a294-1821e1564434"",""environment"":""fb6513d0-42a4-4660-82b5-509c54b15f2a"",""service"":""4978aa94-666c-47c7-8024-3ada55195a51"",""deployment"":""9ec08746-e9a3-4ef1-bc22-211a1cd8bbcd"",""replica"":""5e22bc16-80fb-45ce-84f8-7b0879235dd9""}",2026-03-29T02:20:29.155068236Z
"  ⏳ WhatsApp Service not ready yet, waiting 2s...",info,"{""level"":""info""}","{""project"":""ce3616d9-58ad-4ec7-a294-1821e1564434"",""environment"":""fb6513d0-42a4-4660-82b5-509c54b15f2a"",""service"":""4978aa94-666c-47c7-8024-3ada55195a51"",""deployment"":""9ec08746-e9a3-4ef1-bc22-211a1cd8bbcd"",""replica"":""5e22bc16-80fb-45ce-84f8-7b0879235dd9""}",2026-03-29T02:20:29.155077718Z
  Attempt 4/30: Checking http://localhost:3030/health...,info,"{""level"":""info""}","{""project"":""ce3616d9-58ad-4ec7-a294-1821e1564434"",""environment"":""fb6513d0-42a4-4660-82b5-509c54b15f2a"",""service"":""4978aa94-666c-47c7-8024-3ada55195a51"",""deployment"":""9ec08746-e9a3-4ef1-bc22-211a1cd8bbcd"",""replica"":""5e22bc16-80fb-45ce-84f8-7b0879235dd9""}",2026-03-29T02:20:31.295639256Z
"  ⏳ WhatsApp Service not ready yet, waiting 2s...",info,"{""level"":""info""}","{""project"":""ce3616d9-58ad-4ec7-a294-1821e1564434"",""environment"":""fb6513d0-42a4-4660-82b5-509c54b15f2a"",""service"":""4978aa94-666c-47c7-8024-3ada55195a51"",""deployment"":""9ec08746-e9a3-4ef1-bc22-211a1cd8bbcd"",""replica"":""5e22bc16-80fb-45ce-84f8-7b0879235dd9""}",2026-03-29T02:20:31.295645541Z
  Attempt 5/30: Checking http://localhost:3030/health...,info,"{""level"":""info""}","{""project"":""ce3616d9-58ad-4ec7-a294-1821e1564434"",""environment"":""fb6513d0-42a4-4660-82b5-509c54b15f2a"",""service"":""4978aa94-666c-47c7-8024-3ada55195a51"",""deployment"":""9ec08746-e9a3-4ef1-bc22-211a1cd8bbcd"",""replica"":""5e22bc16-80fb-45ce-84f8-7b0879235dd9""}",2026-03-29T02:20:33.154397244Z
"  ⏳ WhatsApp Service not ready yet, waiting 2s...",info,"{""level"":""info""}","{""project"":""ce3616d9-58ad-4ec7-a294-1821e1564434"",""environment"":""fb6513d0-42a4-4660-82b5-509c54b15f2a"",""service"":""4978aa94-666c-47c7-8024-3ada55195a51"",""deployment"":""9ec08746-e9a3-4ef1-bc22-211a1cd8bbcd"",""replica"":""5e22bc16-80fb-45ce-84f8-7b0879235dd9""}",2026-03-29T02:20:33.154404163Z
  Attempt 6/30: Checking http://localhost:3030/health...,info,"{""level"":""info""}","{""project"":""ce3616d9-58ad-4ec7-a294-1821e1564434"",""environment"":""fb6513d0-42a4-4660-82b5-509c54b15f2a"",""service"":""4978aa94-666c-47c7-8024-3ada55195a51"",""deployment"":""9ec08746-e9a3-4ef1-bc22-211a1cd8bbcd"",""replica"":""5e22bc16-80fb-45ce-84f8-7b0879235dd9""}",2026-03-29T02:20:35.280562145Z
"  ⏳ WhatsApp Service not ready yet, waiting 2s...",info,"{""level"":""info""}","{""project"":""ce3616d9-58ad-4ec7-a294-1821e1564434"",""environment"":""fb6513d0-42a4-4660-82b5-509c54b15f2a"",""service"":""4978aa94-666c-47c7-8024-3ada55195a51"",""deployment"":""9ec08746-e9a3-4ef1-bc22-211a1cd8bbcd"",""replica"":""5e22bc16-80fb-45ce-84f8-7b0879235dd9""}",2026-03-29T02:20:35.280569768Z
  Attempt 7/30: Checking http://localhost:3030/health...,info,"{""level"":""info""}","{""project"":""ce3616d9-58ad-4ec7-a294-1821e1564434"",""environment"":""fb6513d0-42a4-4660-82b5-509c54b15f2a"",""service"":""4978aa94-666c-47c7-8024-3ada55195a51"",""deployment"":""9ec08746-e9a3-4ef1-bc22-211a1cd8bbcd"",""replica"":""5e22bc16-80fb-45ce-84f8-7b0879235dd9""}",2026-03-29T02:20:37.154691720Z
"  ⏳ WhatsApp Service not ready yet, waiting 2s...",info,"{""level"":""info""}","{""project"":""ce3616d9-58ad-4ec7-a294-1821e1564434"",""environment"":""fb6513d0-42a4-4660-82b5-509c54b15f2a"",""service"":""4978aa94-666c-47c7-8024-3ada55195a51"",""deployment"":""9ec08746-e9a3-4ef1-bc22-211a1cd8bbcd"",""replica"":""5e22bc16-80fb-45ce-84f8-7b0879235dd9""}",2026-03-29T02:20:37.154699403Z
  Attempt 8/30: Checking http://localhost:3030/health...,info,"{""level"":""info""}","{""project"":""ce3616d9-58ad-4ec7-a294-1821e1564434"",""environment"":""fb6513d0-42a4-4660-82b5-509c54b15f2a"",""service"":""4978aa94-666c-47c7-8024-3ada55195a51"",""deployment"":""9ec08746-e9a3-4ef1-bc22-211a1cd8bbcd"",""replica"":""5e22bc16-80fb-45ce-84f8-7b0879235dd9""}",2026-03-29T02:20:39.156825492Z
"  ⏳ WhatsApp Service not ready yet, waiting 2s...",info,"{""level"":""info""}","{""project"":""ce3616d9-58ad-4ec7-a294-1821e1564434"",""environment"":""fb6513d0-42a4-4660-82b5-509c54b15f2a"",""service"":""4978aa94-666c-47c7-8024-3ada55195a51"",""deployment"":""9ec08746-e9a3-4ef1-bc22-211a1cd8bbcd"",""replica"":""5e22bc16-80fb-45ce-84f8-7b0879235dd9""}",2026-03-29T02:20:39.156831925Z
  Attempt 9/30: Checking http://localhost:3030/health...,info,"{""level"":""info""}","{""project"":""ce3616d9-58ad-4ec7-a294-1821e1564434"",""environment"":""fb6513d0-42a4-4660-82b5-509c54b15f2a"",""service"":""4978aa94-666c-47c7-8024-3ada55195a51"",""deployment"":""9ec08746-e9a3-4ef1-bc22-211a1cd8bbcd"",""replica"":""5e22bc16-80fb-45ce-84f8-7b0879235dd9""}",2026-03-29T02:20:41.161398158Z
"  ⏳ WhatsApp Service not ready yet, waiting 2s...",info,"{""level"":""info""}","{""project"":""ce3616d9-58ad-4ec7-a294-1821e1564434"",""environment"":""fb6513d0-42a4-4660-82b5-509c54b15f2a"",""service"":""4978aa94-666c-47c7-8024-3ada55195a51"",""deployment"":""9ec08746-e9a3-4ef1-bc22-211a1cd8bbcd"",""replica"":""5e22bc16-80fb-45ce-84f8-7b0879235dd9""}",2026-03-29T02:20:41.161409871Z
"  ⏳ WhatsApp Service not ready yet, waiting 2s...",info,"{""level"":""info""}","{""project"":""ce3616d9-58ad-4ec7-a294-1821e1564434"",""environment"":""fb6513d0-42a4-4660-82b5-509c54b15f2a"",""service"":""4978aa94-666c-47c7-8024-3ada55195a51"",""deployment"":""9ec08746-e9a3-4ef1-bc22-211a1cd8bbcd"",""replica"":""5e22bc16-80fb-45ce-84f8-7b0879235dd9""}",2026-03-29T02:20:43.180174810Z
  Attempt 10/30: Checking http://localhost:3030/health...,info,"{""level"":""info""}","{""project"":""ce3616d9-58ad-4ec7-a294-1821e1564434"",""environment"":""fb6513d0-42a4-4660-82b5-509c54b15f2a"",""service"":""4978aa94-666c-47c7-8024-3ada55195a51"",""deployment"":""9ec08746-e9a3-4ef1-bc22-211a1cd8bbcd"",""replica"":""5e22bc16-80fb-45ce-84f8-7b0879235dd9""}",2026-03-29T02:20:43.180222481Z
  Attempt 11/30: Checking http://localhost:3030/health...,info,"{""level"":""info""}","{""project"":""ce3616d9-58ad-4ec7-a294-1821e1564434"",""environment"":""fb6513d0-42a4-4660-82b5-509c54b15f2a"",""service"":""4978aa94-666c-47c7-8024-3ada55195a51"",""deployment"":""9ec08746-e9a3-4ef1-bc22-211a1cd8bbcd"",""replica"":""5e22bc16-80fb-45ce-84f8-7b0879235dd9""}",2026-03-29T02:20:45.233460041Z
"  ⏳ WhatsApp Service not ready yet, waiting 2s...",info,"{""level"":""info""}","{""project"":""ce3616d9-58ad-4ec7-a294-1821e1564434"",""environment"":""fb6513d0-42a4-4660-82b5-509c54b15f2a"",""service"":""4978aa94-666c-47c7-8024-3ada55195a51"",""deployment"":""9ec08746-e9a3-4ef1-bc22-211a1cd8bbcd"",""replica"":""5e22bc16-80fb-45ce-84f8-7b0879235dd9""}",2026-03-29T02:20:45.233465128Z
  Attempt 12/30: Checking http://localhost:3030/health...,info,"{""level"":""info""}","{""project"":""ce3616d9-58ad-4ec7-a294-1821e1564434"",""environment"":""fb6513d0-42a4-4660-82b5-509c54b15f2a"",""service"":""4978aa94-666c-47c7-8024-3ada55195a51"",""deployment"":""9ec08746-e9a3-4ef1-bc22-211a1cd8bbcd"",""replica"":""5e22bc16-80fb-45ce-84f8-7b0879235dd9""}",2026-03-29T02:20:47.448017013Z
"  ⏳ WhatsApp Service not ready yet, waiting 2s...",info,"{""level"":""info""}","{""project"":""ce3616d9-58ad-4ec7-a294-1821e1564434"",""environment"":""fb6513d0-42a4-4660-82b5-509c54b15f2a"",""service"":""4978aa94-666c-47c7-8024-3ada55195a51"",""deployment"":""9ec08746-e9a3-4ef1-bc22-211a1cd8bbcd"",""replica"":""5e22bc16-80fb-45ce-84f8-7b0879235dd9""}",2026-03-29T02:20:47.448022473Z
  Attempt 13/30: Checking http://localhost:3030/health...,info,"{""level"":""info""}","{""project"":""ce3616d9-58ad-4ec7-a294-1821e1564434"",""environment"":""fb6513d0-42a4-4660-82b5-509c54b15f2a"",""service"":""4978aa94-666c-47c7-8024-3ada55195a51"",""deployment"":""9ec08746-e9a3-4ef1-bc22-211a1cd8bbcd"",""replica"":""5e22bc16-80fb-45ce-84f8-7b0879235dd9""}",2026-03-29T02:20:49.248355244Z
"  ⏳ WhatsApp Service not ready yet, waiting 2s...",info,"{""level"":""info""}","{""project"":""ce3616d9-58ad-4ec7-a294-1821e1564434"",""environment"":""fb6513d0-42a4-4660-82b5-509c54b15f2a"",""service"":""4978aa94-666c-47c7-8024-3ada55195a51"",""deployment"":""9ec08746-e9a3-4ef1-bc22-211a1cd8bbcd"",""replica"":""5e22bc16-80fb-45ce-84f8-7b0879235dd9""}",2026-03-29T02:20:49.248364258Z
  Attempt 14/30: Checking http://localhost:3030/health...,info,"{""level"":""info""}","{""project"":""ce3616d9-58ad-4ec7-a294-1821e1564434"",""environment"":""fb6513d0-42a4-4660-82b5-509c54b15f2a"",""service"":""4978aa94-666c-47c7-8024-3ada55195a51"",""deployment"":""9ec08746-e9a3-4ef1-bc22-211a1cd8bbcd"",""replica"":""5e22bc16-80fb-45ce-84f8-7b0879235dd9""}",2026-03-29T02:20:51.341896592Z
"  ⏳ WhatsApp Service not ready yet, waiting 2s...",info,"{""level"":""info""}","{""project"":""ce3616d9-58ad-4ec7-a294-1821e1564434"",""environment"":""fb6513d0-42a4-4660-82b5-509c54b15f2a"",""service"":""4978aa94-666c-47c7-8024-3ada55195a51"",""deployment"":""9ec08746-e9a3-4ef1-bc22-211a1cd8bbcd"",""replica"":""5e22bc16-80fb-45ce-84f8-7b0879235dd9""}",2026-03-29T02:20:51.341904438Z
  Attempt 15/30: Checking http://localhost:3030/health...,info,"{""level"":""info""}","{""project"":""ce3616d9-58ad-4ec7-a294-1821e1564434"",""environment"":""fb6513d0-42a4-4660-82b5-509c54b15f2a"",""service"":""4978aa94-666c-47c7-8024-3ada55195a51"",""deployment"":""9ec08746-e9a3-4ef1-bc22-211a1cd8bbcd"",""replica"":""5e22bc16-80fb-45ce-84f8-7b0879235dd9""}",2026-03-29T02:20:53.199873376Z
"  ⏳ WhatsApp Service not ready yet, waiting 2s...",info,"{""level"":""info""}","{""project"":""ce3616d9-58ad-4ec7-a294-1821e1564434"",""environment"":""fb6513d0-42a4-4660-82b5-509c54b15f2a"",""service"":""4978aa94-666c-47c7-8024-3ada55195a51"",""deployment"":""9ec08746-e9a3-4ef1-bc22-211a1cd8bbcd"",""replica"":""5e22bc16-80fb-45ce-84f8-7b0879235dd9""}",2026-03-29T02:20:53.199880779Z
  Attempt 16/30: Checking http://localhost:3030/health...,info,"{""level"":""info""}","{""project"":""ce3616d9-58ad-4ec7-a294-1821e1564434"",""environment"":""fb6513d0-42a4-4660-82b5-509c54b15f2a"",""service"":""4978aa94-666c-47c7-8024-3ada55195a51"",""deployment"":""9ec08746-e9a3-4ef1-bc22-211a1cd8bbcd"",""replica"":""5e22bc16-80fb-45ce-84f8-7b0879235dd9""}",2026-03-29T02:20:55.297202318Z
"  ⏳ WhatsApp Service not ready yet, waiting 2s...",info,"{""level"":""info""}","{""project"":""ce3616d9-58ad-4ec7-a294-1821e1564434"",""environment"":""fb6513d0-42a4-4660-82b5-509c54b15f2a"",""service"":""4978aa94-666c-47c7-8024-3ada55195a51"",""deployment"":""9ec08746-e9a3-4ef1-bc22-211a1cd8bbcd"",""replica"":""5e22bc16-80fb-45ce-84f8-7b0879235dd9""}",2026-03-29T02:20:55.297213036Z
  Attempt 17/30: Checking http://localhost:3030/health...,info,"{""level"":""info""}","{""project"":""ce3616d9-58ad-4ec7-a294-1821e1564434"",""environment"":""fb6513d0-42a4-4660-82b5-509c54b15f2a"",""service"":""4978aa94-666c-47c7-8024-3ada55195a51"",""deployment"":""9ec08746-e9a3-4ef1-bc22-211a1cd8bbcd"",""replica"":""5e22bc16-80fb-45ce-84f8-7b0879235dd9""}",2026-03-29T02:20:57.162928204Z
"  ⏳ WhatsApp Service not ready yet, waiting 2s...",info,"{""level"":""info""}","{""project"":""ce3616d9-58ad-4ec7-a294-1821e1564434"",""environment"":""fb6513d0-42a4-4660-82b5-509c54b15f2a"",""service"":""4978aa94-666c-47c7-8024-3ada55195a51"",""deployment"":""9ec08746-e9a3-4ef1-bc22-211a1cd8bbcd"",""replica"":""5e22bc16-80fb-45ce-84f8-7b0879235dd9""}",2026-03-29T02:20:57.162933378Z
  Attempt 18/30: Checking http://localhost:3030/health...,info,"{""level"":""info""}","{""project"":""ce3616d9-58ad-4ec7-a294-1821e1564434"",""environment"":""fb6513d0-42a4-4660-82b5-509c54b15f2a"",""service"":""4978aa94-666c-47c7-8024-3ada55195a51"",""deployment"":""9ec08746-e9a3-4ef1-bc22-211a1cd8bbcd"",""replica"":""5e22bc16-80fb-45ce-84f8-7b0879235dd9""}",2026-03-29T02:20:59.217141089Z
"  ⏳ WhatsApp Service not ready yet, waiting 2s...",info,"{""level"":""info""}","{""project"":""ce3616d9-58ad-4ec7-a294-1821e1564434"",""environment"":""fb6513d0-42a4-4660-82b5-509c54b15f2a"",""service"":""4978aa94-666c-47c7-8024-3ada55195a51"",""deployment"":""9ec08746-e9a3-4ef1-bc22-211a1cd8bbcd"",""replica"":""5e22bc16-80fb-45ce-84f8-7b0879235dd9""}",2026-03-29T02:20:59.217153458Z
  Attempt 19/30: Checking http://localhost:3030/health...,info,"{""level"":""info""}","{""project"":""ce3616d9-58ad-4ec7-a294-1821e1564434"",""environment"":""fb6513d0-42a4-4660-82b5-509c54b15f2a"",""service"":""4978aa94-666c-47c7-8024-3ada55195a51"",""deployment"":""9ec08746-e9a3-4ef1-bc22-211a1cd8bbcd"",""replica"":""5e22bc16-80fb-45ce-84f8-7b0879235dd9""}",2026-03-29T02:21:01.163683781Z
"  ⏳ WhatsApp Service not ready yet, waiting 2s...",info,"{""level"":""info""}","{""project"":""ce3616d9-58ad-4ec7-a294-1821e1564434"",""environment"":""fb6513d0-42a4-4660-82b5-509c54b15f2a"",""service"":""4978aa94-666c-47c7-8024-3ada55195a51"",""deployment"":""9ec08746-e9a3-4ef1-bc22-211a1cd8bbcd"",""replica"":""5e22bc16-80fb-45ce-84f8-7b0879235dd9""}",2026-03-29T02:21:01.163690320Z
  Attempt 20/30: Checking http://localhost:3030/health...,info,"{""level"":""info""}","{""project"":""ce3616d9-58ad-4ec7-a294-1821e1564434"",""environment"":""fb6513d0-42a4-4660-82b5-509c54b15f2a"",""service"":""4978aa94-666c-47c7-8024-3ada55195a51"",""deployment"":""9ec08746-e9a3-4ef1-bc22-211a1cd8bbcd"",""replica"":""5e22bc16-80fb-45ce-84f8-7b0879235dd9""}",2026-03-29T02:21:03.194766303Z
"  ⏳ WhatsApp Service not ready yet, waiting 2s...",info,"{""level"":""info""}","{""project"":""ce3616d9-58ad-4ec7-a294-1821e1564434"",""environment"":""fb6513d0-42a4-4660-82b5-509c54b15f2a"",""service"":""4978aa94-666c-47c7-8024-3ada55195a51"",""deployment"":""9ec08746-e9a3-4ef1-bc22-211a1cd8bbcd"",""replica"":""5e22bc16-80fb-45ce-84f8-7b0879235dd9""}",2026-03-29T02:21:03.194770668Z
  Attempt 21/30: Checking http://localhost:3030/health...,info,"{""level"":""info""}","{""project"":""ce3616d9-58ad-4ec7-a294-1821e1564434"",""environment"":""fb6513d0-42a4-4660-82b5-509c54b15f2a"",""service"":""4978aa94-666c-47c7-8024-3ada55195a51"",""deployment"":""9ec08746-e9a3-4ef1-bc22-211a1cd8bbcd"",""replica"":""5e22bc16-80fb-45ce-84f8-7b0879235dd9""}",2026-03-29T02:21:05.182390778Z
"  ⏳ WhatsApp Service not ready yet, waiting 2s...",info,"{""level"":""info""}","{""project"":""ce3616d9-58ad-4ec7-a294-1821e1564434"",""environment"":""fb6513d0-42a4-4660-82b5-509c54b15f2a"",""service"":""4978aa94-666c-47c7-8024-3ada55195a51"",""deployment"":""9ec08746-e9a3-4ef1-bc22-211a1cd8bbcd"",""replica"":""5e22bc16-80fb-45ce-84f8-7b0879235dd9""}",2026-03-29T02:21:05.182400345Z
"  ⏳ WhatsApp Service not ready yet, waiting 2s...",info,"{""level"":""info""}","{""project"":""ce3616d9-58ad-4ec7-a294-1821e1564434"",""environment"":""fb6513d0-42a4-4660-82b5-509c54b15f2a"",""service"":""4978aa94-666c-47c7-8024-3ada55195a51"",""deployment"":""9ec08746-e9a3-4ef1-bc22-211a1cd8bbcd"",""replica"":""5e22bc16-80fb-45ce-84f8-7b0879235dd9""}",2026-03-29T02:21:07.167155640Z
  Attempt 22/30: Checking http://localhost:3030/health...,info,"{""level"":""info""}","{""project"":""ce3616d9-58ad-4ec7-a294-1821e1564434"",""environment"":""fb6513d0-42a4-4660-82b5-509c54b15f2a"",""service"":""4978aa94-666c-47c7-8024-3ada55195a51"",""deployment"":""9ec08746-e9a3-4ef1-bc22-211a1cd8bbcd"",""replica"":""5e22bc16-80fb-45ce-84f8-7b0879235dd9""}",2026-03-29T02:21:07.167215413Z
  Attempt 23/30: Checking http://localhost:3030/health...,info,"{""level"":""info""}","{""project"":""ce3616d9-58ad-4ec7-a294-1821e1564434"",""environment"":""fb6513d0-42a4-4660-82b5-509c54b15f2a"",""service"":""4978aa94-666c-47c7-8024-3ada55195a51"",""deployment"":""9ec08746-e9a3-4ef1-bc22-211a1cd8bbcd"",""replica"":""5e22bc16-80fb-45ce-84f8-7b0879235dd9""}",2026-03-29T02:21:09.167414527Z
"  ⏳ WhatsApp Service not ready yet, waiting 2s...",info,"{""level"":""info""}","{""project"":""ce3616d9-58ad-4ec7-a294-1821e1564434"",""environment"":""fb6513d0-42a4-4660-82b5-509c54b15f2a"",""service"":""4978aa94-666c-47c7-8024-3ada55195a51"",""deployment"":""9ec08746-e9a3-4ef1-bc22-211a1cd8bbcd"",""replica"":""5e22bc16-80fb-45ce-84f8-7b0879235dd9""}",2026-03-29T02:21:09.167421661Z
  Attempt 24/30: Checking http://localhost:3030/health...,info,"{""level"":""info""}","{""project"":""ce3616d9-58ad-4ec7-a294-1821e1564434"",""environment"":""fb6513d0-42a4-4660-82b5-509c54b15f2a"",""service"":""4978aa94-666c-47c7-8024-3ada55195a51"",""deployment"":""9ec08746-e9a3-4ef1-bc22-211a1cd8bbcd"",""replica"":""5e22bc16-80fb-45ce-84f8-7b0879235dd9""}",2026-03-29T02:21:11.167964169Z
"  ⏳ WhatsApp Service not ready yet, waiting 2s...",info,"{""level"":""info""}","{""project"":""ce3616d9-58ad-4ec7-a294-1821e1564434"",""environment"":""fb6513d0-42a4-4660-82b5-509c54b15f2a"",""service"":""4978aa94-666c-47c7-8024-3ada55195a51"",""deployment"":""9ec08746-e9a3-4ef1-bc22-211a1cd8bbcd"",""replica"":""5e22bc16-80fb-45ce-84f8-7b0879235dd9""}",2026-03-29T02:21:11.167973641Z
  Attempt 25/30: Checking http://localhost:3030/health...,info,"{""level"":""info""}","{""project"":""ce3616d9-58ad-4ec7-a294-1821e1564434"",""environment"":""fb6513d0-42a4-4660-82b5-509c54b15f2a"",""service"":""4978aa94-666c-47c7-8024-3ada55195a51"",""deployment"":""9ec08746-e9a3-4ef1-bc22-211a1cd8bbcd"",""replica"":""5e22bc16-80fb-45ce-84f8-7b0879235dd9""}",2026-03-29T02:21:13.220850144Z
"  ⏳ WhatsApp Service not ready yet, waiting 2s...",info,"{""level"":""info""}","{""project"":""ce3616d9-58ad-4ec7-a294-1821e1564434"",""environment"":""fb6513d0-42a4-4660-82b5-509c54b15f2a"",""service"":""4978aa94-666c-47c7-8024-3ada55195a51"",""deployment"":""9ec08746-e9a3-4ef1-bc22-211a1cd8bbcd"",""replica"":""5e22bc16-80fb-45ce-84f8-7b0879235dd9""}",2026-03-29T02:21:13.220856557Z
  Attempt 26/30: Checking http://localhost:3030/health...,info,"{""level"":""info""}","{""project"":""ce3616d9-58ad-4ec7-a294-1821e1564434"",""environment"":""fb6513d0-42a4-4660-82b5-509c54b15f2a"",""service"":""4978aa94-666c-47c7-8024-3ada55195a51"",""deployment"":""9ec08746-e9a3-4ef1-bc22-211a1cd8bbcd"",""replica"":""5e22bc16-80fb-45ce-84f8-7b0879235dd9""}",2026-03-29T02:21:15.295792424Z
"  ⏳ WhatsApp Service not ready yet, waiting 2s...",info,"{""level"":""info""}","{""project"":""ce3616d9-58ad-4ec7-a294-1821e1564434"",""environment"":""fb6513d0-42a4-4660-82b5-509c54b15f2a"",""service"":""4978aa94-666c-47c7-8024-3ada55195a51"",""deployment"":""9ec08746-e9a3-4ef1-bc22-211a1cd8bbcd"",""replica"":""5e22bc16-80fb-45ce-84f8-7b0879235dd9""}",2026-03-29T02:21:15.295800267Z
  Attempt 27/30: Checking http://localhost:3030/health...,info,"{""level"":""info""}","{""project"":""ce3616d9-58ad-4ec7-a294-1821e1564434"",""environment"":""fb6513d0-42a4-4660-82b5-509c54b15f2a"",""service"":""4978aa94-666c-47c7-8024-3ada55195a51"",""deployment"":""9ec08746-e9a3-4ef1-bc22-211a1cd8bbcd"",""replica"":""5e22bc16-80fb-45ce-84f8-7b0879235dd9""}",2026-03-29T02:21:17.296160703Z
"  ⏳ WhatsApp Service not ready yet, waiting 2s...",info,"{""level"":""info""}","{""project"":""ce3616d9-58ad-4ec7-a294-1821e1564434"",""environment"":""fb6513d0-42a4-4660-82b5-509c54b15f2a"",""service"":""4978aa94-666c-47c7-8024-3ada55195a51"",""deployment"":""9ec08746-e9a3-4ef1-bc22-211a1cd8bbcd"",""replica"":""5e22bc16-80fb-45ce-84f8-7b0879235dd9""}",2026-03-29T02:21:17.296172857Z
  Attempt 28/30: Checking http://localhost:3030/health...,info,"{""level"":""info""}","{""project"":""ce3616d9-58ad-4ec7-a294-1821e1564434"",""environment"":""fb6513d0-42a4-4660-82b5-509c54b15f2a"",""service"":""4978aa94-666c-47c7-8024-3ada55195a51"",""deployment"":""9ec08746-e9a3-4ef1-bc22-211a1cd8bbcd"",""replica"":""5e22bc16-80fb-45ce-84f8-7b0879235dd9""}",2026-03-29T02:21:19.289679647Z
"  ⏳ WhatsApp Service not ready yet, waiting 2s...",info,"{""level"":""info""}","{""project"":""ce3616d9-58ad-4ec7-a294-1821e1564434"",""environment"":""fb6513d0-42a4-4660-82b5-509c54b15f2a"",""service"":""4978aa94-666c-47c7-8024-3ada55195a51"",""deployment"":""9ec08746-e9a3-4ef1-bc22-211a1cd8bbcd"",""replica"":""5e22bc16-80fb-45ce-84f8-7b0879235dd9""}",2026-03-29T02:21:19.289687962Z
  Attempt 29/30: Checking http://localhost:3030/health...,info,"{""level"":""info""}","{""project"":""ce3616d9-58ad-4ec7-a294-1821e1564434"",""environment"":""fb6513d0-42a4-4660-82b5-509c54b15f2a"",""service"":""4978aa94-666c-47c7-8024-3ada55195a51"",""deployment"":""9ec08746-e9a3-4ef1-bc22-211a1cd8bbcd"",""replica"":""5e22bc16-80fb-45ce-84f8-7b0879235dd9""}",2026-03-29T02:21:21.210940440Z
"  ⏳ WhatsApp Service not ready yet, waiting 2s...",info,"{""level"":""info""}","{""project"":""ce3616d9-58ad-4ec7-a294-1821e1564434"",""environment"":""fb6513d0-42a4-4660-82b5-509c54b15f2a"",""service"":""4978aa94-666c-47c7-8024-3ada55195a51"",""deployment"":""9ec08746-e9a3-4ef1-bc22-211a1cd8bbcd"",""replica"":""5e22bc16-80fb-45ce-84f8-7b0879235dd9""}",2026-03-29T02:21:21.210950599Z
  Attempt 30/30: Checking http://localhost:3030/health...,info,"{""level"":""info""}","{""project"":""ce3616d9-58ad-4ec7-a294-1821e1564434"",""environment"":""fb6513d0-42a4-4660-82b5-509c54b15f2a"",""service"":""4978aa94-666c-47c7-8024-3ada55195a51"",""deployment"":""9ec08746-e9a3-4ef1-bc22-211a1cd8bbcd"",""replica"":""5e22bc16-80fb-45ce-84f8-7b0879235dd9""}",2026-03-29T02:21:23.175709161Z
"  ⏳ WhatsApp Service not ready yet, waiting 2s...",info,"{""level"":""info""}","{""project"":""ce3616d9-58ad-4ec7-a294-1821e1564434"",""environment"":""fb6513d0-42a4-4660-82b5-509c54b15f2a"",""service"":""4978aa94-666c-47c7-8024-3ada55195a51"",""deployment"":""9ec08746-e9a3-4ef1-bc22-211a1cd8bbcd"",""replica"":""5e22bc16-80fb-45ce-84f8-7b0879235dd9""}",2026-03-29T02:21:23.175720712Z
==========================================,info,"{""level"":""info""}","{""project"":""ce3616d9-58ad-4ec7-a294-1821e1564434"",""environment"":""fb6513d0-42a4-4660-82b5-509c54b15f2a"",""service"":""4978aa94-666c-47c7-8024-3ada55195a51"",""deployment"":""9ec08746-e9a3-4ef1-bc22-211a1cd8bbcd"",""replica"":""5e22bc16-80fb-45ce-84f8-7b0879235dd9""}",2026-03-29T02:21:25.196208098Z
Service Status:,info,"{""level"":""info""}","{""project"":""ce3616d9-58ad-4ec7-a294-1821e1564434"",""environment"":""fb6513d0-42a4-4660-82b5-509c54b15f2a"",""service"":""4978aa94-666c-47c7-8024-3ada55195a51"",""deployment"":""9ec08746-e9a3-4ef1-bc22-211a1cd8bbcd"",""replica"":""5e22bc16-80fb-45ce-84f8-7b0879235dd9""}",2026-03-29T02:21:25.196217707Z
"  ⚠️ WhatsApp Service health check failed after 30 attempts, continuing anyway...",info,"{""level"":""info""}","{""project"":""ce3616d9-58ad-4ec7-a294-1821e1564434"",""environment"":""fb6513d0-42a4-4660-82b5-509c54b15f2a"",""service"":""4978aa94-666c-47c7-8024-3ada55195a51"",""deployment"":""9ec08746-e9a3-4ef1-bc22-211a1cd8bbcd"",""replica"":""5e22bc16-80fb-45ce-84f8-7b0879235dd9""}",2026-03-29T02:21:25.196228335Z
- Next.js (Bun): http://localhost:3000 (PID: 52),info,"{""level"":""info""}","{""project"":""ce3616d9-58ad-4ec7-a294-1821e1564434"",""environment"":""fb6513d0-42a4-4660-82b5-509c54b15f2a"",""service"":""4978aa94-666c-47c7-8024-3ada55195a51"",""deployment"":""9ec08746-e9a3-4ef1-bc22-211a1cd8bbcd"",""replica"":""5e22bc16-80fb-45ce-84f8-7b0879235dd9""}",2026-03-29T02:21:25.196231959Z
- WhatsApp Service (Node.js): http://localhost:3030 (PID: 117),info,"{""level"":""info""}","{""project"":""ce3616d9-58ad-4ec7-a294-1821e1564434"",""environment"":""fb6513d0-42a4-4660-82b5-509c54b15f2a"",""service"":""4978aa94-666c-47c7-8024-3ada55195a51"",""deployment"":""9ec08746-e9a3-4ef1-bc22-211a1cd8bbcd"",""replica"":""5e22bc16-80fb-45ce-84f8-7b0879235dd9""}",2026-03-29T02:21:25.196239683Z
"⚠️ WhatsApp service health check failed, checking logs...",info,"{""level"":""info""}","{""project"":""ce3616d9-58ad-4ec7-a294-1821e1564434"",""environment"":""fb6513d0-42a4-4660-82b5-509c54b15f2a"",""service"":""4978aa94-666c-47c7-8024-3ada55195a51"",""deployment"":""9ec08746-e9a3-4ef1-bc22-211a1cd8bbcd"",""replica"":""5e22bc16-80fb-45ce-84f8-7b0879235dd9""}",2026-03-29T02:21:25.196243590Z
==========================================,info,"{""level"":""info""}","{""project"":""ce3616d9-58ad-4ec7-a294-1821e1564434"",""environment"":""fb6513d0-42a4-4660-82b5-509c54b15f2a"",""service"":""4978aa94-666c-47c7-8024-3ada55195a51"",""deployment"":""9ec08746-e9a3-4ef1-bc22-211a1cd8bbcd"",""replica"":""5e22bc16-80fb-45ce-84f8-7b0879235dd9""}",2026-03-29T02:21:25.196246056Z
=== Recent WhatsApp Service Logs ===,info,"{""level"":""info""}","{""project"":""ce3616d9-58ad-4ec7-a294-1821e1564434"",""environment"":""fb6513d0-42a4-4660-82b5-509c54b15f2a"",""service"":""4978aa94-666c-47c7-8024-3ada55195a51"",""deployment"":""9ec08746-e9a3-4ef1-bc22-211a1cd8bbcd"",""replica"":""5e22bc16-80fb-45ce-84f8-7b0879235dd9""}",2026-03-29T02:21:25.196251652Z
==========================================,info,"{""level"":""info""}","{""project"":""ce3616d9-58ad-4ec7-a294-1821e1564434"",""environment"":""fb6513d0-42a4-4660-82b5-509c54b15f2a"",""service"":""4978aa94-666c-47c7-8024-3ada55195a51"",""deployment"":""9ec08746-e9a3-4ef1-bc22-211a1cd8bbcd"",""replica"":""5e22bc16-80fb-45ce-84f8-7b0879235dd9""}",2026-03-29T02:21:25.196258135Z
🔥 WhatsApp Warmer Service running on port 3030,info,"{""level"":""info""}","{""project"":""ce3616d9-58ad-4ec7-a294-1821e1564434"",""environment"":""fb6513d0-42a4-4660-82b5-509c54b15f2a"",""service"":""4978aa94-666c-47c7-8024-3ada55195a51"",""deployment"":""9ec08746-e9a3-4ef1-bc22-211a1cd8bbcd"",""replica"":""5e22bc16-80fb-45ce-84f8-7b0879235dd9""}",2026-03-29T02:21:25.196266570Z
📊 Health check: http://localhost:3030/health,info,"{""level"":""info""}","{""project"":""ce3616d9-58ad-4ec7-a294-1821e1564434"",""environment"":""fb6513d0-42a4-4660-82b5-509c54b15f2a"",""service"":""4978aa94-666c-47c7-8024-3ada55195a51"",""deployment"":""9ec08746-e9a3-4ef1-bc22-211a1cd8bbcd"",""replica"":""5e22bc16-80fb-45ce-84f8-7b0879235dd9""}",2026-03-29T02:21:25.196272343Z
🔑 Groq API: Configured,info,"{""level"":""info""}","{""project"":""ce3616d9-58ad-4ec7-a294-1821e1564434"",""environment"":""fb6513d0-42a4-4660-82b5-509c54b15f2a"",""service"":""4978aa94-666c-47c7-8024-3ada55195a51"",""deployment"":""9ec08746-e9a3-4ef1-bc22-211a1cd8bbcd"",""replica"":""5e22bc16-80fb-45ce-84f8-7b0879235dd9""}",2026-03-29T02:21:25.196277952Z
==========================================,info,"{""level"":""info""}","{""project"":""ce3616d9-58ad-4ec7-a294-1821e1564434"",""environment"":""fb6513d0-42a4-4660-82b5-509c54b15f2a"",""service"":""4978aa94-666c-47c7-8024-3ada55195a51"",""deployment"":""9ec08746-e9a3-4ef1-bc22-211a1cd8bbcd"",""replica"":""5e22bc16-80fb-45ce-84f8-7b0879235dd9""}",2026-03-29T02:21:25.196284212Z
✅ Groq instance initialized with API key,info,"{""level"":""info""}","{""project"":""ce3616d9-58ad-4ec7-a294-1821e1564434"",""environment"":""fb6513d0-42a4-4660-82b5-509c54b15f2a"",""service"":""4978aa94-666c-47c7-8024-3ada55195a51"",""deployment"":""9ec08746-e9a3-4ef1-bc22-211a1cd8bbcd"",""replica"":""5e22bc16-80fb-45ce-84f8-7b0879235dd9""}",2026-03-29T02:21:25.196290271Z
✅ Generated 5 personalities via Groq. Pool size: 5/50,info,"{""level"":""info""}","{""project"":""ce3616d9-58ad-4ec7-a294-1821e1564434"",""environment"":""fb6513d0-42a4-4660-82b5-509c54b15f2a"",""service"":""4978aa94-666c-47c7-8024-3ada55195a51"",""deployment"":""9ec08746-e9a3-4ef1-bc22-211a1cd8bbcd"",""replica"":""5e22bc16-80fb-45ce-84f8-7b0879235dd9""}",2026-03-29T02:21:25.196297124Z
[DB] Synced 0 accounts to database,info,"{""level"":""info""}","{""project"":""ce3616d9-58ad-4ec7-a294-1821e1564434"",""environment"":""fb6513d0-42a4-4660-82b5-509c54b15f2a"",""service"":""4978aa94-666c-47c7-8024-3ada55195a51"",""deployment"":""9ec08746-e9a3-4ef1-bc22-211a1cd8bbcd"",""replica"":""5e22bc16-80fb-45ce-84f8-7b0879235dd9""}",2026-03-29T02:21:25.196303113Z
Client connected: P25K9Sg7KC_hQta1AAAB Transport: polling,info,"{""level"":""info""}","{""project"":""ce3616d9-58ad-4ec7-a294-1821e1564434"",""environment"":""fb6513d0-42a4-4660-82b5-509c54b15f2a"",""service"":""4978aa94-666c-47c7-8024-3ada55195a51"",""deployment"":""9ec08746-e9a3-4ef1-bc22-211a1cd8bbcd"",""replica"":""5e22bc16-80fb-45ce-84f8-7b0879235dd9""}",2026-03-29T02:21:25.196311489Z
Client connected: FpELfxSHbUHT58DmAAAD Transport: polling,info,"{""level"":""info""}","{""project"":""ce3616d9-58ad-4ec7-a294-1821e1564434"",""environment"":""fb6513d0-42a4-4660-82b5-509c54b15f2a"",""service"":""4978aa94-666c-47c7-8024-3ada55195a51"",""deployment"":""9ec08746-e9a3-4ef1-bc22-211a1cd8bbcd"",""replica"":""5e22bc16-80fb-45ce-84f8-7b0879235dd9""}",2026-03-29T02:21:25.196317077Z
[DB] Synced 0 accounts to database,info,"{""level"":""info""}","{""project"":""ce3616d9-58ad-4ec7-a294-1821e1564434"",""environment"":""fb6513d0-42a4-4660-82b5-509c54b15f2a"",""service"":""4978aa94-666c-47c7-8024-3ada55195a51"",""deployment"":""9ec08746-e9a3-4ef1-bc22-211a1cd8bbcd"",""replica"":""5e22bc16-80fb-45ce-84f8-7b0879235dd9""}",2026-03-29T02:21:25.196322370Z
=== End Logs ===,info,"{""level"":""info""}","{""project"":""ce3616d9-58ad-4ec7-a294-1821e1564434"",""environment"":""fb6513d0-42a4-4660-82b5-509c54b15f2a"",""service"":""4978aa94-666c-47c7-8024-3ada55195a51"",""deployment"":""9ec08746-e9a3-4ef1-bc22-211a1cd8bbcd"",""replica"":""5e22bc16-80fb-45ce-84f8-7b0879235dd9""}",2026-03-29T02:21:25.196328981Z